"fish","wts"
"bass",0.859362929086101
"bass",0.225198168307543
"bass",0.216281294357032
"bass",0.998139022807491
"bass",3.86152777613556
"trout",0.564894013106823
"trout",0.0229906426144044
"trout",0.255503861354192
"trout",0.281761271308681
"trout",0.446024406701326
